Product_ID,name,Category,colour_from_title,US_price_current_usd,US_price_original_usd,US_discount_pct_display,US_on_sale,IN_price_current_inr,IN_price_current_usd,IN_price_original_inr,IN_discount_pct_display,IN_discount_pct_calc,IN_on_sale,Savings_USD,materials_text,made_in,date,exchange_rate,Source File
4325015,RELAXED FIT VISCOSE-LINEN PARKA - Mink | ZARA United States,GENERAL,Mink,299.0,,54,True,16950.0,181.05,,54.0,,True,117.95,46% linen | 55% polyester | 65% cotton | 35% polyester | 35% RCS-certified recycled polyester | 65% OCS certified organically grown cotton,Morocco,2026-03-22,93.62,men_new
4337035,100% RAMIE BOXY FIT POLO SHIRT - Printed | ZARA United States,GENERAL,Printed,129.0,,100,True,7550.0,80.65,,100.0,,True,48.35,,Morocco,2026-03-22,93.62,men_new
4315013,FLOWY DRAWSTRING PANTS - Dark navy | ZARA United States,GENERAL,Dark navy,119.0,,8,True,6550.0,69.96,,8.0,,True,49.04,"Relaxed fit cropped pants made of flowy fabric with a viscose and 8% linen blend. Adjustable waist with interior drawstring. Front pleats. Side pockets and back double welt pockets with button. Adjustable hem with side drawstrings. Front crisscross drawstring closure. | Composition: 92% viscose, 8% linen | 8% linen",Morocco,2026-03-22,93.62,men_new
4323019,STRIPED VISCOSE - LINEN SUIT JACKET - Dark brown | ZARA United States,GENERAL,Dark brown,229.0,,52,True,13950.0,149.01,,52.0,,True,79.99,48% linen | 55% polyester | 65% cotton | 35% polyester,Morocco,2026-03-22,93.62,men_new
4324018,VISCOSE-LINEN STRIPED SUIT PANTS WITH SIDE PLEATS - Dark brown | ZARA United States,GENERAL,Dark brown,199.0,,52,True,11950.0,127.64,,52.0,,True,71.36,"Composition: 52% viscose, 48% linen | 48% linen",Morocco,2026-03-22,93.62,men_new
5085001,SEQUIN 100% SILK ORGANZA SHIRT - Green / Blue | ZARA United States,GENERAL,Green / Blue,149.0,,100,True,8550.0,91.33,,100.0,,True,57.67,SEQUIN 100% SILK ORGANZA SHIRT | Composition: 100% silk (mulberry) | / SEQUIN 100% SILK ORGANZA SHIRT,,2026-03-22,93.62,men_new
7140003,OPENWORK KNIT TANK TOP - Light beige | ZARA United States,GENERAL,Light beige,69.9,,100,True,3950.0,42.19,,100.0,,True,27.71,Composition: 100% cotton | 100% cotton | 100% OCS certified organically grown cotton,Turkey,2026-03-22,93.62,men_new
4321032,LINEN - LYOCELL DOUBLE BREASTED SUIT JACKET - Black | ZARA United States,GENERAL,Black,199.0,,61,True,11950.0,127.64,,61.0,,True,71.36,61% linen | 55% polyester | 65% cotton | 35% polyester,Morocco,2026-03-22,93.62,men_new
4322032,LINEN - LYOCELL PLEATED SUIT PANTS - Black | ZARA United States,GENERAL,Black,149.0,,61,True,8550.0,91.33,,61.0,,True,57.67,"Composition: 61% linen, 39% lyocell | 61% linen",Morocco,2026-03-22,93.62,men_new
4335017,STRIPED VISCOSE-SILK WRAP SHIRT - Sand | ZARA United States,GENERAL,Sand,129.0,,73,True,7550.0,80.65,,73.0,,True,48.35,"Composition: 73% viscose, 27% silk (mulberry)",,2026-03-22,93.62,men_new
5585001,BALLOON FIT JEANS - Blue | ZARA United States,GENERAL,Blue,129.0,,100,True,7550.0,80.65,,100.0,,True,48.35,Composition: 100% cotton | 100% cotton,Turkey,2026-03-22,93.62,men_new
4330016,CUPRO-SILK BOXY FIT POLO SHIRT - Navy blue | ZARA United States,GENERAL,Navy blue,119.0,,79,True,6550.0,69.96,,79.0,,True,49.04,21% silk (mulberry) | 96% cotton,Morocco,2026-03-22,93.62,men_new
5479013,RELAXED FIT NAPA LEATHER JACKET - taupe brown | ZARA United States,GENERAL,taupe brown,419.0,,100,True,,,,,,,,54% polyester,Pakistan,2026-03-22,93.62,men_new
4387001,100% CUPRO KIMONO SHIRT - Ecru | ZARA United States,GENERAL,Ecru,119.0,,100,True,6550.0,69.96,,100.0,,True,49.04,,Morocco,2026-03-22,93.62,men_new
4318041,VISCOSE-CUPRO STRIPED BALLOON FIT PANTS - striped | ZARA United States,GENERAL,striped,129.0,,63,True,7550.0,80.65,,63.0,,True,48.35,,Morocco,2026-03-22,93.62,men_new
4331012,RAMIE - LYOCELL RELAXED FIT POLO SHIRT - Brown | ZARA United States,GENERAL,Brown,119.0,,55,True,6550.0,69.96,,55.0,,True,49.04,,Morocco,2026-03-22,93.62,men_new
4344033,CONTRAST EMBROIDERED LINEN-COTTON PANTS - Green / Blue | ZARA United States,GENERAL,Green / Blue,149.0,,55,True,8550.0,91.33,,55.0,,True,57.67,"Composition: 55% linen, 45% cotton | 55% linen | 45% cotton | 45% RCS-certified recycled cotton",China,2026-03-22,93.62,men_new
5755003,STRIPED LINEN - VISCOSE JUMPER - Sand / Black | ZARA United States,GENERAL,Sand / Black,119.0,,53,True,6550.0,69.96,,53.0,,True,49.04,"Composition: 53% linen, 47% viscose | 53% linen | 53% certified European grown linen",China,2026-03-22,93.62,men_new
5344001,RELAXED FIT CONTRAST EMBROIDERED BLAZER - Blue | ZARA United States,GENERAL,Blue,269.0,,50,True,15950.0,170.37,,50.0,,True,98.63,50% wool | 50% polyester | 54% polyester | 50% RWS certified wool | 50% RCS-certified recycled polyester,China,2026-03-22,93.62,men_new
4317009,WIDE FIT BELTED PANTS - Brown / Taupe | ZARA United States,GENERAL,Brown / Taupe,169.0,,86,True,9550.0,102.01,,86.0,,True,66.99,"Composition: 86% linen, 14% polyamide | 86% linen",Morocco,2026-03-22,93.62,men_new
4338049,RELAXED FIT EMBROIDERED SHIRT - Ecru | ZARA United States,GENERAL,Ecru,119.0,,97,True,6550.0,69.96,,97.0,,True,49.04,97% cotton | 3% polyester | 100% cotton | 97% OCS certified organically grown cotton,Morocco,2026-03-22,93.62,men_new
5755009,RELAXED FIT FLORAL JUMPER - Navy blue | ZARA United States,GENERAL,Navy blue,129.0,,4,True,7550.0,80.65,,4.0,,True,48.35,4% linen | 31% cotton | 97% cotton | 1% polyester | 31% RCS-certified recycled cotton,China,2026-03-22,93.62,men_new
4333019,STRIPED JACQUARD KIMONO SHIRT - Ecru | ZARA United States,GENERAL,Ecru,129.0,,100,True,7550.0,80.65,,100.0,,True,48.35,Composition: 100% cotton | 100% cotton | 100% OCS certified organically grown cotton,Morocco,2026-03-22,93.62,men_new
4327041,CROPPED STRIPED VISCOSE-CUPRO BOMBER JACKET - striped | ZARA United States,GENERAL,striped,129.0,,63,True,7550.0,80.65,,63.0,,True,48.35,90% polyester | 10% cotton | 35% polyester,Morocco,2026-03-22,93.62,men_new
3992442,RELAXED FIT CROCHET CARDIGAN - Brown | ZARA United States,GENERAL,Brown,79.9,,99,True,4350.0,46.46,,99.0,,True,33.44,"Composition: 99% cotton, 1% elastane | 99% cotton",Turkey,2026-03-22,93.62,men_new
3992438,CROCHET KNIT TANK TOP - Brown | ZARA United States,GENERAL,Brown,45.9,,99,True,2350.0,25.1,,99.0,,True,20.8,"Composition: 99% cotton, 1% elastane | 99% cotton",Turkey,2026-03-22,93.62,men_new
4316025,100% LINEN WIDE FIT WRAP SHORTS - Beige | ZARA United States,GENERAL,Beige,119.0,,100,True,6550.0,69.96,,100.0,,True,49.04,100% LINEN WIDE FIT WRAP SHORTS | Composition: 100% linen | / 100% LINEN WIDE FIT WRAP SHORTS | 100% linen,Morocco,2026-03-22,93.62,men_new
4334039,100% LINEN TEXTURED HANDKERCHIEF SHIRT - Dark eggplant | ZARA United States,GENERAL,Dark eggplant,129.0,,100,True,7550.0,80.65,,100.0,,True,48.35,100% LINEN TEXTURED HANDKERCHIEF SHIRT | Composition: 100% linen | / 100% LINEN TEXTURED HANDKERCHIEF SHIRT | 100% linen,Morocco,2026-03-22,93.62,men_new
4312014,RELAXED FIT WRAP PANTS - Taupe gray | ZARA United States,GENERAL,Taupe gray,129.0,,14,True,7550.0,80.65,,14.0,,True,48.35,"Relaxed fit pants made of flowing fabric with a viscose and 14% linen blend. Front pockets and back buttoned welt pockets. Front wrap closure with zipper, button, and tab. | Composition: 86% viscose, 14% linen | 14% linen",Morocco,2026-03-22,93.62,men_new
6224462,CORAL EMBROIDERED RELAXED FIT T-SHIRT - Black | ZARA United States,GENERAL,Black,49.9,,100,True,2550.0,27.24,,100.0,,True,22.66,Composition: 100% cotton | 100% cotton,Portugal,2026-03-22,93.62,men_new
4329031,RELAXED FIT LYOCELL-VISCOSE JACKET - Gray | ZARA United States,GENERAL,Gray,129.0,,62,True,7550.0,80.65,,62.0,,True,48.35,,Morocco,2026-03-22,93.62,men_new
5755013,FLORAL JACQUARD KNIT VEST - Brown / Taupe | ZARA United States,GENERAL,Brown / Taupe,69.9,,57,True,3950.0,42.19,,57.0,,True,27.71,"Composition: 57% cotton, 24% linen, 19% polyamide | 57% cotton | 24% linen | 24% RCS-certified recycled linen | 57% RCS-certified recycled cotton",China,2026-03-22,93.62,men_new
9863001,RELAXED FIT WAXED LYOCELL SHORTS - Brown | ZARA United States,GENERAL,Brown,119.0,,100,True,6550.0,69.96,,100.0,,True,49.04,,Turkey,2026-03-22,93.62,men_new
4336021,FLUID FLORAL PRINT SHIRT - Printed | ZARA United States,GENERAL,Printed,119.0,,100,True,6550.0,69.96,,100.0,,True,49.04,,Morocco,2026-03-22,93.62,men_new
3992453,CROCHET KNIT HENLEY SHIRT - Brown | ZARA United States,GENERAL,Brown,69.9,,99,True,3950.0,42.19,,99.0,,True,27.71,"Composition: 99% cotton, 1% elastane",,2026-03-22,93.62,men_new
7140002,OPENWORK TEXTURED CARDIGAN - Light beige | ZARA United States,GENERAL,Light beige,99.9,,100,True,5550.0,59.28,,100.0,,True,40.62,Composition: 100% cotton | 100% cotton | 100% OCS certified organically grown cotton,Turkey,2026-03-22,93.62,men_new
13519720,LEATHER CROSSBODY BAG - Brown | ZARA United States,GENERAL,Brown,149.0,,100,True,9550.0,102.01,,100.0,,True,46.99,,China,2026-03-22,93.62,men_new
13348720,LEATHER SHOPPER - Black | ZARA United States,GENERAL,Black,499.0,,100,True,33550.0,358.36,,100.0,,True,140.64,100% polyester | 100% RCS-certified recycled polyester,China,2026-03-22,93.62,men_new
13349720,LEATHER SHOPPER BAG - Black | ZARA United States,GENERAL,Black,439.0,,100,True,29950.0,319.91,,100.0,,True,119.09,100% polyester | 100% RCS-certified recycled polyester,China,2026-03-22,93.62,men_new
12492720,LEATHER SHOES - Blue | ZARA United States,GENERAL,Blue,179.0,,100,True,11950.0,127.64,,100.0,,True,51.36,15% polyester | 15% RCS-certified recycled polyester,Portugal,2026-03-22,93.62,men_new
12493720,LEATHER SHOES - Burgundy Red | ZARA United States,GENERAL,Burgundy Red,179.0,,100,True,11950.0,127.64,,100.0,,True,51.36,16% polyester | 16% RCS-certified recycled polyester,Portugal,2026-03-22,93.62,men_new
12692720,LEATHER LOAFERS - Brown | ZARA United States,GENERAL,Brown,179.0,,100,True,11950.0,127.64,,100.0,,True,51.36,12% polyester,,2026-03-22,93.62,men_new
12798720,CRISSCROSS LEATHER SANDALS - Green | ZARA United States,GENERAL,Green,149.0,,100,True,9550.0,102.01,,100.0,,True,46.99,,China,2026-03-22,93.62,men_new
8435465,COMBINED METAL PLATE NECKLACE - Brown | ZARA United States,GENERAL,Brown,49.9,,70,True,2550.0,27.24,,70.0,,True,22.66,"Composition: 70% polyester, 25% zinc, 3% brass, 1% iron, 1% Ag | 70% polyester | 70% RCS-certified recycled polyester",China,2026-03-22,93.62,men_new
441412,COMBINED PENDANT CORD NECKLACE - various | ZARA United States,GENERAL,various,39.9,,60,True,2050.0,21.9,,60.0,,True,18.0,,China,2026-03-22,93.62,men_new
5919422,LEATHER CARABINER BELT - Brown | ZARA United States,GENERAL,Brown,79.9,,100,True,4350.0,46.46,,100.0,,True,33.44,,Spain,2026-03-22,93.62,men_new
6980400,CONTRAST LEATHER BELT - Black | ZARA United States,GENERAL,Black,79.9,,100,True,4350.0,46.46,,100.0,,True,33.44,,Spain,2026-03-22,93.62,men_new
2907404,OVAL SUNGLASSES - Silver | ZARA United States,GENERAL,Silver,99.9,,90,True,5550.0,59.28,,90.0,,True,40.62,,China,2026-03-22,93.62,men_new
8435466,METAL HOOK KEYCHAIN - Gold | ZARA United States,GENERAL,Gold,29.9,,70,True,1650.0,17.62,,70.0,,True,12.28,,China,2026-03-22,93.62,men_new
1564700,COMFORT SUIT JACKET - Dark brown | ZARA United States,GENERAL,Dark brown,129.0,,54,True,7550.0,80.65,,54.0,,True,48.35,54% polyester | 100% polyester | 95% polyester | 54% RCS-certified recycled polyester | 100% RCS-certified recycled polyester | 95% RCS-certified recycled polyester,Turkey,2026-03-22,93.62,men_new
1564701,STRETCH SUIT PANTS - Dark brown | ZARA United States,GENERAL,Dark brown,69.9,,54,True,3950.0,42.19,,54.0,,True,27.71,"Composition: 54% polyester, 39% viscose, 7% elastane | 54% polyester | 54% RCS-certified recycled polyester",Turkey,2026-03-22,93.62,men_new
7545710,EASY CARE TEXTURED SHIRT - Brown Stripes | ZARA United States,GENERAL,Brown Stripes,49.9,,60,True,1750.0,18.69,,60.0,,True,31.21,"Composition: 60% cotton, 40% polyester",,2026-03-22,93.62,men_new
2241408,100% SILK GEOMETRIC JACQUARD TIE - Brown | ZARA United States,GENERAL,Brown,4.0,59.9,100,True,2950.0,31.51,,100.0,,True,-27.51,100% SILK GEOMETRIC JACQUARD TIE | 100% silk (mulberry) | / 100% SILK GEOMETRIC JACQUARD TIE,China,2026-03-22,93.62,men_new
4410410,100% LINEN SUIT JACKET - Light beige | ZARA United States,GENERAL,Light beige,169.0,,100,True,9550.0,102.01,,100.0,,True,66.99,100% LINEN SUIT JACKET | 100% linen | 100% polyester | / 100% LINEN SUIT JACKET | 100% certified European grown linen | 100% RCS-certified recycled polyester,Bangladesh,2026-03-22,93.62,men_new
4410411,100% LINEN SUIT PANTS - Light beige | ZARA United States,GENERAL,Light beige,79.9,,100,True,4350.0,46.46,,100.0,,True,33.44,100% LINEN SUIT PANTS | Composition: 100% linen | / 100% LINEN SUIT PANTS | 100% linen | 100% certified European grown linen,Bangladesh,2026-03-22,93.62,men_new
4410120,100% LINEN POCKET JACKET - Navy blue | ZARA United States,GENERAL,Navy blue,129.0,,100,True,7550.0,80.65,,100.0,,True,48.35,100% LINEN POCKET JACKET | 100% linen | 100% cotton | / 100% LINEN POCKET JACKET | 100% certified European grown linen,Bangladesh,2026-03-22,93.62,men_new
7545938,REGULAR FIT COTTON SHIRT - Dark yellow | ZARA United States,GENERAL,Dark yellow,69.9,,100,True,3950.0,42.19,,100.0,,True,27.71,Composition: 100% cotton | 100% cotton | 100% OCS certified organically grown cotton,Turkey,2026-03-22,93.62,men_new
706706,RELAXED FIT COTTON - LINEN PANTS - Mink | ZARA United States,GENERAL,Mink,99.9,,79,True,5550.0,59.28,,79.0,,True,40.62,"Composition: 79% cotton, 21% linen | 79% cotton | 21% linen | 79% OCS certified organically grown cotton",Turkey,2026-03-22,93.62,men_new
12442720,CASUAL LEATHER BOAT SHOES - Taupe Gray | ZARA United States,GENERAL,Taupe Gray,99.9,,100,True,5950.0,63.55,,100.0,,True,36.35,100% polyester | 100% RCS-certified recycled polyester,China,2026-03-22,93.62,men_new
4175336,100% LINEN TEXTURED WEAVE BLAZER - Dark olive | ZARA United States,GENERAL,Dark olive,229.0,,100,True,13950.0,149.01,,100.0,,True,79.99,100% LINEN TEXTURED WEAVE BLAZER | 100% linen | 62% cotton | 38% polyester | 95% polyester | / 100% LINEN TEXTURED WEAVE BLAZER | 100% certified European grown linen | 95% RCS-certified recycled polyester | 38% RCS-certified recycled polyester | 62% OCS certified organically grown cotton,Morocco,2026-03-22,93.62,men_new
5755460,LIGHTWEIGHT COTTON KNIT T-SHIRT - Oyster-white | ZARA United States,GENERAL,Oyster-white,49.9,,100,True,2550.0,27.24,,100.0,,True,22.66,Composition: 100% cotton | 100% cotton | 100% OCS certified organically grown cotton,China,2026-03-22,93.62,men_new
4215347,CROPPED FIT 100% LINEN OVERSHIRT - taupe brown | ZARA United States,GENERAL,taupe brown,179.0,,100,True,10950.0,116.96,,100.0,,True,62.04,CROPPED FIT 100% LINEN OVERSHIRT | 100% linen | 62% cotton | 38% polyester | 95% polyester | / CROPPED FIT 100% LINEN OVERSHIRT | 100% certified European grown linen | 62% OCS certified organically grown cotton | 38% RCS-certified recycled polyester | 95% RCS-certified recycled polyester,Morocco,2026-03-22,93.62,men_new
4216347,100% LINEN BALLOON FIT PANTS - taupe brown | ZARA United States,GENERAL,taupe brown,119.0,,100,True,6550.0,69.96,,100.0,,True,49.04,100% LINEN BALLOON FIT PANTS | Composition: 100% linen | / 100% LINEN BALLOON FIT PANTS | 100% linen | 100% certified European grown linen,Morocco,2026-03-22,93.62,men_new
12601720,LEATHER LOAFERS - Black | ZARA United States,GENERAL,Black,99.9,,100,True,,,,,,,,,China,2026-03-22,93.62,men_new
706520,FLUID VISCOSE - LINEN SHIRT - Oyster-white | ZARA United States,GENERAL,Oyster-white,69.9,,65,True,3950.0,42.19,,65.0,,True,27.71,"Composition: 65% viscose, 35% linen | 35% linen",Turkey,2026-03-22,93.62,men_new
6861334,PLEATED WIDE FIT PANTS - Beige | ZARA United States,GENERAL,Beige,79.9,,97,True,4350.0,46.46,,97.0,,True,33.44,"Composition: 97% cotton, 3% elastane | 97% cotton | 97% OCS certified organically grown cotton",Turkey,2026-03-22,93.62,men_new
5679137,GEOMETRIC JACQUARD SHIRT - Ecru | ZARA United States,GENERAL,Ecru,59.9,,57,True,,,,,,,,"Composition: 57% cotton, 33% viscose, 10% polyester | 57% cotton | 10% polyester | 10% RCS-certified recycled polyester | 29% RCS-certified recycled cotton | 28% OCS certified organically grown cotton",Portugal,2026-03-22,93.62,men_new
4795404,REGULAR FIT COTTON BLEND SHORTS - Oyster-white | ZARA United States,GENERAL,Oyster-white,59.9,,17,True,,,,,,,,"Relaxed fit shorts made from a cotton and 17% linen blend fabric. Adjustable elastic drawstring waist. Side pockets and back welt pockets. | Composition: 83% cotton, 17% linen | 83% cotton | 17% linen | 83% OCS certified organically grown cotton",Turkey,2026-03-22,93.62,men_new
5679107,JACQUARD POLO SHIRT - Ecru | ZARA United States,GENERAL,Ecru,59.9,,69,True,,,,,,,,"Composition: 69% cotton, 28% polyester, 3% other fibres | 69% cotton | 28% polyester | 69% RCS-certified recycled cotton | 28% RCS-certified recycled polyester",Portugal,2026-03-22,93.62,men_new
12352720,RUNNING SNEAKERS - Multi-color | ZARA United States,GENERAL,Multi-color,69.9,,52,True,4950.0,52.87,,52.0,,True,17.03,48% POLYESTER | 100% POLYESTER | 52% POLYESTER | 48% polyester | 100% polyester | 52% polyester | 48% RCS-certified recycled polyester | 100% RCS-certified recycled polyester | 52% RCS-certified recycled polyester,China,2026-03-22,93.62,men_new
4231330,WASHED RELAXED FIT TRAINING SWEATSHIRT - Light brown | ZARA United States,GENERAL,Light brown,79.9,,100,True,4950.0,52.87,,100.0,,True,27.03,COMPOSITION: 100% COTTON | 100% cotton,Portugal,2026-03-22,93.62,men_new
6096333,2-IN-1 TRAINING SHORTS - Brown | ZARA United States,GENERAL,Brown,59.9,,100,True,3950.0,42.19,,100.0,,True,17.71,93% POLYESTER | 93% polyester | 93% RCS-certified recycled polyester,China,2026-03-22,93.62,men_new
4988322,TRAINING TECHNICAL CAP - Blue / Gray | ZARA United States,GENERAL,Blue / Gray,29.9,,100,True,2050.0,21.9,,100.0,,True,8.0,100% POLYESTER | 100% polyester | 100% RCS-certified recycled polyester,China,2026-03-22,93.62,men_new
4231329,TRAINING COTTON T-SHIRT - Ecru | ZARA United States,GENERAL,Ecru,39.9,,100,True,2350.0,25.1,,100.0,,True,14.8,COMPOSITION: 100% COTTON | 100% cotton,Portugal,2026-03-22,93.62,men_new
4231332,TRAINING TANK TOP - Brown | ZARA United States,GENERAL,Brown,39.9,,100,True,2350.0,25.1,,100.0,,True,14.8,COMPOSITION: 100% COTTON | 100% cotton,Portugal,2026-03-22,93.62,men_new
1943405,TECHNICAL TANK TOP - Black | ZARA United States,GENERAL,Black,25.9,,84,True,1650.0,17.62,,84.0,,True,8.28,"COMPOSITION: 84% POLYESTER, 16% ELASTANE | 84% polyester | 84% RCS-certified recycled polyester",Bangladesh,2026-03-22,93.62,men_new
12215520,MONOCHROME CHUNKY SNEAKERS - White | ZARA United States,GENERAL,White,59.9,,100,True,,,,,,,,100% polyester | 100% RCS-certified recycled polyester,China,2026-03-22,93.62,comparison_shoesl797.html
12200520,BASIC SNEAKERS - White | ZARA United States,GENERAL,White,55.9,,100,True,2250.0,24.03,4950.0,-40.0,54.55,True,31.87,76% polyester | 100% polyester | 76% RCS-certified recycled polyester | 100% RCS-certified recycled polyester,Vietnam,2026-03-22,93.62,comparison_shoesl797.html
12248620,HEEL DETAIL SNEAKERS - Khaki Green | ZARA United States,GENERAL,Khaki Green,59.9,,100,True,,,,,,,,100% polyester | 100% RCS-certified recycled polyester,Vietnam,2026-03-22,93.62,comparison_shoesl797.html
12203620,BASIC SNEAKERS - 1-839 | ZARA United States,GENERAL,1-839,55.9,,100,True,,,,,,,,83% polyester | 100% polyester | 83% RCS-certified recycled polyester | 100% RCS-certified recycled polyester,Vietnam,2026-03-22,93.62,comparison_shoesl797.html
12338620,CASUAL SNEAKERS - Black | ZARA United States,GENERAL,Black,89.9,,53,True,,,,,,,,65% polyester | 100% polyester | 65% RCS-certified recycled polyester | 100% RCS-certified recycled polyester,China,2026-03-22,93.62,comparison_shoesl797.html
12207720,LEATHER SNEAKERS - Sandy Brown | ZARA United States,GENERAL,Sandy Brown,79.9,,100,True,,,,,,,,75% polyester | 100% polyester,Vietnam,2026-03-22,93.62,comparison_shoesl797.html
12243720,CHUNKY SNEAKERS - White | ZARA United States,GENERAL,White,59.9,,100,True,,,,,,,,55% polyester | 60% cotton | 40% polyester,China,2026-03-22,93.62,comparison_shoesl797.html
12225720,RETRO STYLE SNEAKERS - White | ZARA United States,GENERAL,White,59.9,,100,True,,,,,,,,60% cotton | 40% polyester,China,2026-03-22,93.62,comparison_shoesl797.html
12208720,CHUNKY SNEAKERS - White | ZARA United States,GENERAL,White,69.9,,100,True,,,,,,,,49% cotton | 26% polyester | 65% cotton | 35% polyester | 49% RCS-certified recycled cotton | 26% RCS-certified recycled polyester | 65% RCS-certified recycled cotton | 35% RCS-certified recycled polyester,China,2026-03-22,93.62,comparison_shoesl797.html
12232720,HEEL DETAIL SNEAKERS - White | ZARA United States,GENERAL,White,59.9,,100,True,,,,,,,,100% polyester | 100% RCS-certified recycled polyester,Vietnam,2026-03-22,93.62,comparison_shoesl797.html
12215620,MONOCHROME THICK-SOLED SNEAKERS - Black | ZARA United States,GENERAL,Black,59.9,,100,True,,,,,,,,60% polyester | 100% polyester | 60% RCS-certified recycled polyester | 100% RCS-certified recycled polyester,China,2026-03-22,93.62,comparison_shoesl797.html
12205720,SNEAKERS WITH HEEL DETAIL - Black | ZARA United States,GENERAL,Black,59.9,,100,True,,,,,,,,100% polyester | 100% RCS-certified recycled polyester,Vietnam,2026-03-22,93.62,comparison_shoesl797.html
12200720,BASIC SNEAKERS - Sea green | ZARA United States,GENERAL,Sea green,55.9,,100,True,,,,,,,,73% polyester | 10% cotton | 65% cotton | 35% polyester | 10% RCS-certified recycled cotton | 73% RCS-certified recycled polyester | 65% RCS-certified recycled cotton | 35% RCS-certified recycled polyester,Vietnam,2026-03-22,93.62,comparison_shoesl797.html
12238720,MESH SNEAKERS - Sandy Brown | ZARA United States,GENERAL,Sandy Brown,59.9,,72,True,,,,,,,,72% polyester | 100% polyester,Vietnam,2026-03-22,93.62,comparison_shoesl797.html
12338720,CASUAL SNEAKERS - Blue | ZARA United States,GENERAL,Blue,89.9,,55,True,,,,,,,,65% polyester | 65% RCS-certified recycled polyester,China,2026-03-22,93.62,comparison_shoesl797.html
12292720,LEATHER SNEAKERS - Sandy Brown | ZARA United States,GENERAL,Sandy Brown,89.9,,90,True,,,,,,,,40% cotton | 22% polyester | 65% cotton | 35% polyester,,2026-03-22,93.62,comparison_shoesl797.html
12343720,RETRO-STYLE SNEAKERS - Sandy Brown | ZARA United States,GENERAL,Sandy Brown,69.9,,45,True,1050.0,11.22,7550.0,-40.0,86.09,True,58.68,30% polyester | 83% polyester | 100% polyester | 30% RCS-certified recycled polyester | 83% RCS-certified recycled polyester | 100% RCS-certified recycled polyester,China,2026-03-22,93.62,comparison_shoesl797.html
12339720,RETRO STYLE SNEAKERS - Black | ZARA United States,GENERAL,Black,69.9,,41,True,,,,,,,,39% polyester | 94% polyester,China,2026-03-22,93.62,comparison_shoesl797.html
12310720,RETRO STYLE SNEAKERS - Green | ZARA United States,GENERAL,Green,69.9,,50,True,1050.0,11.22,7550.0,-40.0,86.09,True,58.68,70% polyester | 65% cotton | 35% polyester | 70% RCS-certified recycled polyester | 35% RCS-certified recycled polyester | 65% RCS-certified recycled cotton,China,2026-03-22,93.62,comparison_shoesl797.html
12393720,CHUNKY SOLE SNEAKERS - Bone White | ZARA United States,GENERAL,Bone White,69.9,,52,True,,,,,,,,48% polyester | 100% polyester | 67% polyester | 48% RCS-certified recycled polyester | 100% RCS-certified recycled polyester | 67% RCS-certified recycled polyester,China,2026-03-22,93.62,comparison_shoesl797.html
12392720,CHUNKY SOLE SNEAKERS - Black | ZARA United States,GENERAL,Black,69.9,,55,True,,,,,,,,45% polyester | 88% polyester | 100% polyester | 85% polyester | 45% RCS-certified recycled polyester | 88% RCS-certified recycled polyester | 100% RCS-certified recycled polyester | 85% RCS-certified recycled polyester,Vietnam,2026-03-22,93.62,comparison_shoesl797.html
12204720,RETRO STYLE SNEAKERS - White | ZARA United States,GENERAL,White,59.9,,100,True,1050.0,11.22,7550.0,-40.0,86.09,True,48.68,100% polyester,China,2026-03-22,93.62,comparison_shoesl797.html
12245720,BASKETBALL SNEAKERS - Multi-color | ZARA United States,GENERAL,Multi-color,79.9,,70,True,4950.0,52.87,,70.0,,True,27.03,26% polyester | 100% polyester | 26% RCS-certified recycled polyester | 100% RCS-certified recycled polyester,China,2026-03-22,93.62,comparison_shoesl797.html
12203720,MONOCHROME CHUNKY SNEAKERS - White | ZARA United States,GENERAL,White,59.9,,100,True,2950.0,31.51,7550.0,-40.0,60.93,True,28.39,100% polyester | 100% RCS-certified recycled polyester,Vietnam,2026-03-22,93.62,comparison_shoesl797.html
12245620,ROPE LACE SKATE SNEAKERS - Black | ZARA United States,GENERAL,Black,89.9,,65,True,,,,,,,,35% polyester | 100% polyester | 55% polyester | 35% RCS-certified recycled polyester | 100% RCS-certified recycled polyester | 55% RCS-certified recycled polyester,Vietnam,2026-03-22,93.62,comparison_shoesl797.html
12202720,CHUNKY SNEAKERS - White | ZARA United States,GENERAL,White,59.9,,100,True,,,,,,,,100% polyester | 100% RCS-certified recycled polyester,Vietnam,2026-03-22,93.62,comparison_shoesl797.html
12257720,BASKETBALL SNEAKERS - Black | ZARA United States,GENERAL,Black,79.9,,95,True,,,,,,,,5% polyester | 100% polyester | 90% polyester,,2026-03-22,93.62,comparison_shoesl797.html
12225721,LEATHER SNEAKERS - Bone White | ZARA United States,GENERAL,Bone White,149.0,,92,True,9550.0,102.01,,92.0,,True,46.99,38% cotton | 20% polyester | 65% cotton | 35% polyester,China,2026-03-22,93.62,comparison_shoesl797.html
12228720,LEATHER SNEAKERS - Khaki Green | ZARA United States,GENERAL,Khaki Green,47.94,79.9,-40,True,,,,,,,,56% polyester | 100% polyester | 56% RCS-certified recycled polyester | 100% RCS-certified recycled polyester,Laos,2026-03-22,93.62,comparison_shoesl797.html
12288720,LEATHER SNEAKERS - Brown | ZARA United States,GENERAL,Brown,79.9,,100,True,4950.0,52.87,,100.0,,True,27.03,55% polyester | 100% polyester | 55% RCS-certified recycled polyester | 100% RCS-certified recycled polyester,China,2026-03-22,93.62,comparison_shoesl797.html
12387620,CHUNKY SOLE SNEAKERS - Brown | ZARA United States,GENERAL,Brown,149.0,,37,True,,,,,,,,32% polyester | 88% polyester | 100% polyester | 64% polyester | 32% RCS-certified recycled polyester | 88% RCS-certified recycled polyester | 100% RCS-certified recycled polyester | 64% RCS-certified recycled polyester,China,2026-03-22,93.62,comparison_shoesl797.html
12317720,CHUNKY SOLE SNEAKERS - White | ZARA United States,GENERAL,White,69.9,,60,True,3950.0,42.19,,60.0,,True,27.71,40% polyester | 100% polyester,China,2026-03-22,93.62,comparison_shoesl797.html
12315720,ATHLETIC SNEAKERS - Khaki Green | ZARA United States,GENERAL,Khaki Green,69.9,,40,True,,,,,,,,35% polyester | 100% polyester | 52% polyester | 35% RCS-certified recycled polyester | 100% RCS-certified recycled polyester | 52% RCS-certified recycled polyester,China,2026-03-22,93.62,comparison_shoesl797.html
12390720,ATHLETIC SNEAKERS - Gray | ZARA United States,GENERAL,Gray,69.9,,35,True,,,,,,,,22% polyester | 70% polyester,China,2026-03-22,93.62,comparison_shoesl797.html
1887410,BASIC HEAVYWEIGHT T-SHIRT /03 - White | ZARA United States,GENERAL,White,29.9,,100,True,1650.0,17.62,,100.0,,True,12.28,Composition: 100% cotton,,2026-03-22,93.62,comparison_tshirts
6224477,INTERLOCK PHOTOGRAPHIC PRINT SWEATSHIRT - Beige | ZARA United States,GENERAL,Beige,49.9,,100,True,2550.0,27.24,,100.0,,True,22.66,Composition: 100% cotton | 100% cotton | 100% OCS certified organically grown cotton,Morocco,2026-03-22,93.62,comparison_tshirts
3992430,RELAXED FIT TEXTURED T-SHIRT - Oyster-white | ZARA United States,GENERAL,Oyster-white,45.9,,51,True,2350.0,25.1,,51.0,,True,20.8,"Composition: 51% polyester, 49% cotton | 51% polyester | 49% cotton | 51% RCS-certified recycled polyester | 49% OCS certified organically grown cotton",Turkey,2026-03-22,93.62,comparison_tshirts
761414,BASIC CONTRAST RIB T-SHIRT - Oyster-white | ZARA United States,GENERAL,Oyster-white,29.9,,98,True,1650.0,17.62,,98.0,,True,12.28,"Composition: 98% cotton, 2% elastane | 98% cotton",Turkey,2026-03-22,93.62,comparison_tshirts
1887411,BASIC MEDIUM WEIGHT T-SHIRT /02 - Bluish | ZARA United States,GENERAL,Bluish,29.9,,98,True,1650.0,17.62,,98.0,,True,12.28,"Composition: 98% cotton, 2% elastane",,2026-03-22,93.62,comparison_tshirts
4087502,CONTRAST TEXT BOXY FIT T-SHIRT - Dark gray | ZARA United States,GENERAL,Dark gray,39.9,,100,True,2050.0,21.9,,100.0,,True,18.0,Composition: 100% cotton | 100% cotton,Turkey,2026-03-22,93.62,comparison_tshirts
962431,COMBINED PRINTS T-SHIRT - Oyster-white | ZARA United States,GENERAL,Oyster-white,39.9,,100,True,2050.0,21.9,,100.0,,True,18.0,Composition: 100% cotton,,2026-03-22,93.62,comparison_tshirts
4087400,WAFFLE KNIT T-SHIRT - Mid khaki | ZARA United States,GENERAL,Mid khaki,39.9,,100,True,2050.0,21.9,,100.0,,True,18.0,Composition: 100% cotton | 100% cotton | 100% OCS certified organically grown cotton,Turkey,2026-03-22,93.62,comparison_tshirts
4805411,CONTRAST PRINT KNIT T-SHIRT - Pink | ZARA United States,GENERAL,Pink,45.9,,100,True,2350.0,25.1,,100.0,,True,20.8,Composition: 100% cotton | 100% cotton | 50% OCS certified organically grown cotton,Portugal,2026-03-22,93.62,comparison_tshirts
4805417,WASHED PRINT KNIT T-SHIRT - Black | ZARA United States,GENERAL,Black,45.9,,100,True,2350.0,25.1,,100.0,,True,20.8,Composition: 100% cotton | 100% cotton,Portugal,2026-03-22,93.62,comparison_tshirts
4374404,WASHED PRINT T-SHIRT - Dark anthracite | ZARA United States,GENERAL,Dark anthracite,45.9,,100,True,2350.0,25.1,,100.0,,True,20.8,Composition: 100% cotton | 100% cotton | 100% OCS certified organically grown cotton,Portugal,2026-03-22,93.62,comparison_tshirts
962430,COMBINED PRINT AND EMBROIDERY T-SHIRT - Oyster-white | ZARA United States,GENERAL,Oyster-white,45.9,,100,True,2350.0,25.1,,100.0,,True,20.8,Composition: 100% cotton | 100% cotton,Portugal,2026-03-22,93.62,comparison_tshirts
962432,WASHED PRINT T-SHIRT - Ink blue | ZARA United States,GENERAL,Ink blue,45.9,,100,True,2350.0,25.1,,100.0,,True,20.8,Composition: 100% cotton | 100% cotton | 100% OCS certified organically grown cotton,Portugal,2026-03-22,93.62,comparison_tshirts
1887499,THREE-PACK OF BASIC MEDIUM WEIGHT T-SHIRTS /02 - White | ZARA United States,GENERAL,White,89.9,,98,True,4950.0,52.87,,98.0,,True,37.03,"Composition: 98% cotton, 2% elastane | 98% cotton",Bangladesh,2026-03-22,93.62,comparison_tshirts
4805418,WASHED PRINT KNIT T-SHIRT - Black | ZARA United States,GENERAL,Black,49.9,,100,True,2550.0,27.24,,100.0,,True,22.66,Composition: 100% cotton | 100% cotton | 100% OCS certified organically grown cotton,Portugal,2026-03-22,93.62,comparison_tshirts
4090406,WASHED PRINT KNIT T-SHIRT - Ecru | ZARA United States,GENERAL,Ecru,45.9,,100,True,2350.0,25.1,,100.0,,True,20.8,Composition: 100% cotton | 100% cotton | 100% OCS certified organically grown cotton,Portugal,2026-03-22,93.62,comparison_tshirts
5584401,BASIC SLIM FIT T-SHIRT /01 - Greenish | ZARA United States,GENERAL,Greenish,19.9,,95,True,950.0,10.15,,95.0,,True,9.75,"Composition: 95% cotton, 5% elastane | 95% cotton | 95% OCS certified organically grown cotton",Turkey,2026-03-22,93.62,comparison_tshirts
4092405,TEXTURED HENLEY SHIRT - White | ZARA United States,GENERAL,White,45.9,,100,True,2350.0,25.1,,100.0,,True,20.8,100% cotton | 95% cotton | 100% OCS certified organically grown cotton | 95% OCS certified organically grown cotton,Bangladesh,2026-03-22,93.62,comparison_tshirts
3920662,STRIPED COTTON LINEN KNIT T-SHIRT - Ecru / Black | ZARA United States,GENERAL,Ecru / Black,59.9,,70,True,2950.0,31.51,,70.0,,True,28.39,"Composition: 70% cotton, 30% linen | 70% cotton | 30% linen | 30% RCS-certified recycled linen | 70% RCS-certified recycled cotton",China,2026-03-22,93.62,comparison_tshirts
4087832,WASHED SLUB TEXTURED T-SHIRT - White | ZARA United States,GENERAL,White,45.9,,100,True,,,,,,,,Composition: 100% cotton | 100% cotton | 100% OCS certified organically grown cotton,Turkey,2026-03-22,93.62,comparison_tshirts
1887417,RELAXED FIT STRIPED JACQUARD T-SHIRT - striped | ZARA United States,GENERAL,striped,49.9,,100,True,2550.0,27.24,,100.0,,True,22.66,Composition: 100% cotton | 100% cotton,Bangladesh,2026-03-22,93.62,comparison_tshirts
4442444,JACQUARD STRIPE T-SHIRT - Blue / White | ZARA United States,GENERAL,Blue / White,39.9,,61,True,2050.0,21.9,,61.0,,True,18.0,"Composition: 61% cotton, 39% polyester | 61% cotton | 39% polyester | 39% RCS-certified recycled polyester | 61% OCS certified organically grown cotton",Bangladesh,2026-03-22,93.62,comparison_tshirts
962458,CAPRI TEXT BOXY FIT T-SHIRT - Oyster-white | ZARA United States,GENERAL,Oyster-white,39.9,,100,True,2050.0,21.9,,100.0,,True,18.0,Composition: 100% cotton | 100% cotton,Turkey,2026-03-22,93.62,comparison_tshirts
962460,SORRENTO TEXT T-SHIRT - Light blue | ZARA United States,GENERAL,Light blue,39.9,,100,True,2050.0,21.9,,100.0,,True,18.0,Composition: 100% cotton | 100% cotton,Turkey,2026-03-22,93.62,comparison_tshirts
5868402,STRIPED LINEN COTTON BLEND LONG SLEEVE T-SHIRT - Blue / White | ZARA United States,GENERAL,Blue / White,59.9,,55,True,2950.0,31.51,,55.0,,True,28.39,"Composition: 55% linen, 45% cotton | 55% linen | 45% cotton",Cambodia,2026-03-22,93.62,comparison_tshirts
962459,COLORBLOCK PORTOFINO TEXT T-SHIRT - Navy blue | ZARA United States,GENERAL,Navy blue,39.9,,100,True,2050.0,21.9,,100.0,,True,18.0,Composition: 100% cotton | 100% cotton,Turkey,2026-03-22,93.62,comparison_tshirts
5868403,ROUND NECK STRIPED LINEN COTTON T-SHIRT - Red / Navy | ZARA United States,GENERAL,Red / Navy,59.9,,55,True,2950.0,31.51,,55.0,,True,28.39,"Composition: 55% linen, 45% cotton | 55% linen | 45% cotton",Cambodia,2026-03-22,93.62,comparison_tshirts
5868400,LINEN - COTTON T-SHIRT - Oyster-white | ZARA United States,GENERAL,Oyster-white,45.9,,55,True,2350.0,25.1,,55.0,,True,20.8,"Composition: 55% linen, 45% cotton | 55% linen | 45% cotton",Cambodia,2026-03-22,93.62,comparison_tshirts
5868404,STRIPED LINEN COTTON BLEND LONG SLEEVE T-SHIRT - Striped | ZARA United States,GENERAL,Striped,59.9,,55,True,2950.0,31.51,,55.0,,True,28.39,"Composition: 55% linen, 45% cotton | 55% linen | 45% cotton",Cambodia,2026-03-22,93.62,comparison_tshirts
2142406,KNIT REGULAR FIT T-SHIRT - taupe brown | ZARA United States,GENERAL,taupe brown,59.9,,37,True,2950.0,31.51,,37.0,,True,28.39,"Composition: 37% cotton, 28% linen, 19% polyester, 16% polyamide | 37% cotton | 28% linen | 19% polyester | 19% RCS-certified recycled polyester | 37% OCS certified organically grown cotton",China,2026-03-22,93.62,comparison_tshirts
5868401,STRIPED LINEN COTTON BLEND T-SHIRT - striped | ZARA United States,GENERAL,striped,45.9,,55,True,2350.0,25.1,,55.0,,True,20.8,"Composition: 55% linen, 45% cotton | 55% linen | 45% cotton",Cambodia,2026-03-22,93.62,comparison_tshirts
5644406,RELAXED FIT INTERLOCK T-SHIRT - Oyster-white | ZARA United States,GENERAL,Oyster-white,45.9,,97,True,2350.0,25.1,,97.0,,True,20.8,"Composition: 97% cotton, 3% elastane | 97% cotton",Morocco,2026-03-22,93.62,comparison_tshirts
5644411,RELAXED FIT TANK TOP - Anthracite Gray | ZARA United States,GENERAL,Anthracite Gray,39.9,,97,True,2050.0,21.9,,97.0,,True,18.0,"Composition: 97% cotton, 3% elastane | 97% cotton",Morocco,2026-03-22,93.62,comparison_tshirts
5644410,RELAXED FIT SEAMED T-SHIRT - Mid-mink | ZARA United States,GENERAL,Mid-mink,45.9,,97,True,2350.0,25.1,,97.0,,True,20.8,"Composition: 97% cotton, 3% elastane | 97% cotton",Morocco,2026-03-22,93.62,comparison_tshirts
4187152,GEOMETRIC JACQUARD SHIRT - Navy blue | ZARA United States,GENERAL,Navy blue,59.9,,72,True,2950.0,31.51,,72.0,,True,28.39,"Composition: 72% cotton, 25% polyester, 3% other fibres",,2026-03-22,93.62,comparison_shirtsl765.html
3277401,COMFORT TEXTURED SHIRT - Navy / White | ZARA United States,GENERAL,Navy / White,59.9,,65,True,2950.0,31.51,,65.0,,True,28.39,"Composition: 65% cotton, 35% polyester | 65% cotton | 35% polyester | 35% RCS-certified recycled polyester | 65% OCS certified organically grown cotton",Turkey,2026-03-22,93.62,comparison_shirtsl765.html
1063411,REGULAR FIT LINEN-COTTON SHIRT - Blue / White | ZARA United States,GENERAL,Blue / White,59.9,,59,True,2950.0,31.51,,59.0,,True,28.39,"Composition: 59% linen, 41% cotton | 59% linen | 41% cotton | 59% certified European grown linen | 41% OCS certified organically grown cotton",Bangladesh,2026-03-22,93.62,comparison_shirtsl765.html
6987435,WASHED STRIPED BOXY FIT POLO SHIRT - Light blue | ZARA United States,GENERAL,Light blue,59.9,,100,True,2950.0,31.51,,100.0,,True,28.39,Composition: 100% cotton | 100% cotton,Bangladesh,2026-03-22,93.62,comparison_shirtsl765.html
4493144,REGULAR FIT SHIRT - Black | ZARA United States,GENERAL,Black,69.9,,60,True,3950.0,42.19,,60.0,,True,27.71,"Composition: 60% cotton, 40% polyester",,2026-03-22,93.62,comparison_shirtsl765.html
4333476,TEXTURED WEAVE SHIRT - Ecru | ZARA United States,GENERAL,Ecru,59.9,,74,True,2950.0,31.51,,74.0,,True,28.39,"Composition: 74% cotton, 26% polyester | 74% cotton | 26% polyester | 26% RCS-certified recycled polyester | 74% OCS certified organically grown cotton",Turkey,2026-03-22,93.62,comparison_shirtsl765.html
4364653,RELAXED FIT FLOWY SHIRT - Brown | ZARA United States,GENERAL,Brown,69.9,,87,True,3950.0,42.19,,87.0,,True,27.71,"Composition: 87% lyocell, 13% polyester | 13% polyester",Morocco,2026-03-22,93.62,comparison_shirtsl765.html
3715204,RELAXED FIT FLOWY SHIRT - Mink brown | ZARA United States,GENERAL,Mink brown,59.9,,72,True,2950.0,31.51,,72.0,,True,28.39,"Composition: 72% lyocell, 28% polyester | 28% polyester",Cambodia,2026-03-22,93.62,comparison_shirtsl765.html
4547844,PLAID CROPPED FIT SHIRT - Green stripe | ZARA United States,GENERAL,Green stripe,59.9,,37,True,2950.0,31.51,,37.0,,True,28.39,"Composition: 37% viscose, 27% cotton, 22% polyester, 14% polyamide | 27% cotton | 22% polyester | 22% RCS-certified recycled polyester | 27% OCS certified organically grown cotton",Morocco,2026-03-22,93.62,comparison_shirtsl765.html
6085470,RELAXED FIT PLAID TEXT SHIRT - Light blue | ZARA United States,GENERAL,Light blue,59.9,,100,True,2950.0,31.51,,100.0,,True,28.39,Composition: 100% cotton | 100% cotton | 100% OCS certified organically grown cotton,Morocco,2026-03-22,93.62,comparison_shirtsl765.html
4302310,PLAID EMBROIDERED CROPPED SHIRT - Blue | ZARA United States,GENERAL,Blue,59.9,,100,True,2950.0,31.51,,100.0,,True,28.39,Composition: 100% cotton,,2026-03-22,93.62,comparison_shirtsl765.html
6085410,WASHED PRINTED SHIRT - White | ZARA United States,GENERAL,White,59.9,,100,True,2950.0,31.51,,100.0,,True,28.39,Composition: 100% cotton,,2026-03-22,93.62,comparison_shirtsl765.html
975649,REGULAR FIT TEXTURED SHIRT - White | ZARA United States,GENERAL,White,79.9,,100,True,4350.0,46.46,,100.0,,True,33.44,Composition: 100% cotton | 100% cotton | 50% OCS certified organically grown cotton,Egypt,2026-03-22,93.62,comparison_shirtsl765.html
7545573,COTTON PLAID SHIRT - Blue / White | ZARA United States,GENERAL,Blue / White,69.9,,100,True,3950.0,42.19,,100.0,,True,27.71,Composition: 100% cotton,,2026-03-22,93.62,comparison_shirtsl765.html
5070904,100% LINEN RELAXED FIT SHIRT - Light beige | ZARA United States,GENERAL,Light beige,69.9,,100,True,3950.0,42.19,,100.0,,True,27.71,100% LINEN RELAXED FIT SHIRT | Composition: 100% linen | / 100% LINEN RELAXED FIT SHIRT,,2026-03-22,93.62,comparison_shirtsl765.html
4286184,FLOWY STRIPED SHIRT - Light blue | ZARA United States,GENERAL,Light blue,59.9,,89,True,2950.0,31.51,,89.0,,True,28.39,"Composition: 89% viscose, 11% polyester | 11% polyester",Morocco,2026-03-22,93.62,comparison_shirtsl765.html
4428823,WASHED RELAXED FIT POCKET SHIRT - Blue / Indigo | ZARA United States,GENERAL,Blue / Indigo,69.9,,100,True,3950.0,42.19,,100.0,,True,27.71,Composition: 100% cotton | 100% cotton | 100% OCS certified organically grown cotton,Morocco,2026-03-22,93.62,comparison_shirtsl765.html
7545403,PLAID SHIRT WITH POCKETS - Gray / Tan | ZARA United States,GENERAL,Gray / Tan,69.9,,100,True,3950.0,42.19,,100.0,,True,27.71,Composition: 100% cotton | 100% cotton | 100% OCS certified organically grown cotton,Turkey,2026-03-22,93.62,comparison_shirtsl765.html
1437470,WASHED BOXY FIT SHIRT - Light blue | ZARA United States,GENERAL,Light blue,59.9,,100,True,2950.0,31.51,,100.0,,True,28.39,Composition: 100% cotton | 100% cotton,Bangladesh,2026-03-22,93.62,comparison_shirtsl765.html
4462213,RELAXED FIT PLAID SHIRT - taupe brown | ZARA United States,GENERAL,taupe brown,69.9,,46,True,3950.0,42.19,,46.0,,True,27.71,"Composition: 46% cotton, 22% polyester, 20% viscose, 12% polyamide | 46% cotton | 22% polyester | 22% RCS-certified recycled polyester | 46% OCS certified organically grown cotton",Morocco,2026-03-22,93.62,comparison_shirtsl765.html
975402,RELAXED FIT STRIPED JACQUARD SHIRT - Blue | ZARA United States,GENERAL,Blue,69.9,,100,True,3950.0,42.19,,100.0,,True,27.71,Composition: 100% cotton | 100% cotton,Egypt,2026-03-22,93.62,comparison_shirtsl765.html
4313023,FLOWY RELAXED FIT PANTS - Printed | ZARA United States,GENERAL,Printed,129.0,,100,True,7550.0,80.65,,100.0,,True,48.35,95% polyester,Morocco,2026-03-22,93.62,comparison_rousers
7147436,RELAXED FIT TEXTURED PANTS - Light beige | ZARA United States,GENERAL,Light beige,69.9,,78,True,3950.0,42.19,,78.0,,True,27.71,"Composition: 78% cotton, 22% polyester | 78% cotton | 22% polyester",Bangladesh,2026-03-22,93.62,comparison_rousers
4027204,RELAXED FIT FLOWY PANTS - Mink brown | ZARA United States,GENERAL,Mink brown,59.9,,72,True,2950.0,31.51,,72.0,,True,28.39,"Composition: 72% lyocell, 28% polyester | 28% polyester",Cambodia,2026-03-22,93.62,comparison_rousers
4060430,RELAXED FIT WRAP CLOSURE PANTS - Light gray | ZARA United States,GENERAL,Light gray,59.9,,100,True,,,,,,,,Composition: 100% cotton | 100% cotton | 25% RCS-certified recycled cotton | 75% OCS certified organically grown cotton,Pakistan,2026-03-22,93.62,comparison_rousers
706950,RELAXED FIT PLEATED PANTS - Black | ZARA United States,GENERAL,Black,79.9,,64,True,4350.0,46.46,,64.0,,True,33.44,"Composition: 64% polyester, 34% viscose, 2% elastane | 64% polyester | 64% RCS-certified recycled polyester",Turkey,2026-03-22,93.62,comparison_rousers
5070902,100% LINEN RELAXED FIT PANTS - Light beige | ZARA United States,GENERAL,Light beige,79.9,,100,True,4350.0,46.46,,100.0,,True,33.44,100% LINEN RELAXED FIT PANTS | Composition: 100% linen | / 100% LINEN RELAXED FIT PANTS | 100% linen,Bangladesh,2026-03-22,93.62,comparison_rousers
761440,BASIC RELAXED FIT JOGGING PANTS - Black | ZARA United States,GENERAL,Black,49.9,,64,True,2550.0,27.24,,64.0,,True,22.66,"Composition: 64% cotton, 36% polyester | 64% cotton | 36% polyester | 33% RCS-certified recycled polyester | 22% RCS-certified recycled cotton | 42% OCS certified organically grown cotton",Turkey,2026-03-22,93.62,comparison_rousers
4470460,RELAXED FIT COTTON - LINEN PANTS - Light beige | ZARA United States,GENERAL,Light beige,59.9,,72,True,2950.0,31.51,,72.0,,True,28.39,"Composition: 72% cotton, 28% linen | 72% cotton | 28% linen | 52% RCS-certified recycled cotton",Morocco,2026-03-22,93.62,comparison_rousers
6861391,RELAXED FIT PLEATED PANTS - Oyster-white | ZARA United States,GENERAL,Oyster-white,79.9,,75,True,4350.0,46.46,,75.0,,True,33.44,"Composition: 75% polyester, 19% viscose, 6% elastane | 75% polyester",Turkey,2026-03-22,93.62,comparison_rousers
3991445,RELAXED FIT PINSTRIPE CHINO PANTS - Ecru | ZARA United States,GENERAL,Ecru,79.9,,100,True,4350.0,46.46,,100.0,,True,33.44,Composition: 100% cotton | 100% cotton | 100% OCS certified organically grown cotton,Turkey,2026-03-22,93.62,comparison_rousers
5854412,RELAXED FIT TEXTURED SUIT WIDE-LEG PANTS - Brown / Taupe | ZARA United States,GENERAL,Brown / Taupe,99.9,,63,True,,,,,,,,"Composition: 63% polyester, 27% viscose, 8% wool, 2% elastane | 63% polyester | 8% wool | 8% RWS certified wool | 63% RCS-certified recycled polyester",China,2026-03-22,93.62,comparison_rousers
2634235,RELAXED FIT FLOWY PANTS - Navy blue | ZARA United States,GENERAL,Navy blue,69.9,,93,True,3950.0,42.19,,93.0,,True,27.71,"Composition: 93% viscose, 7% polyester | 7% polyester",Bangladesh,2026-03-22,93.62,comparison_rousers
4442423,CONTRAST STRIPE BAND PANTS - Red | ZARA United States,GENERAL,Red,59.9,,100,True,2950.0,31.51,,100.0,,True,28.39,100% cotton | 90% polyester | 90% RCS-certified recycled polyester | 100% OCS certified organically grown cotton,Bangladesh,2026-03-22,93.62,comparison_rousers
4512653,FLOWY PLEATED PANTS - Ecru | ZARA United States,GENERAL,Ecru,79.9,,87,True,4350.0,46.46,,87.0,,True,33.44,"Composition: 87% lyocell, 13% polyester | 13% polyester",Morocco,2026-03-22,93.62,comparison_rousers
4048471,RELAXED FIT PINSTRIPE CHINO PANTS - Ecru | ZARA United States,GENERAL,Ecru,79.9,,8,True,4350.0,46.46,,100.0,,True,33.44,"Relaxed fit pants made from a cotton and 8% hemp blend fabric. Waist with front pleats. Front pockets and back welt pockets. Washed effect. Front zip and button closure. | Composition: 92% cotton, 8% hemp | 92% cotton | 20% RCS-certified recycled cotton | 72% OCS certified organically grown cotton",Pakistan,2026-03-22,93.62,comparison_rousers
5070204,HERRINGBONE WOOL BLEND SUIT PANTS - Gray | ZARA United States,GENERAL,Gray,79.9,,65,True,4350.0,46.46,,65.0,,True,33.44,65% polyester | 35% wool | 100% polyester | 35% RCS-certified recycled wool | 65% RCS-certified recycled polyester | 100% RCS-certified recycled polyester,China,2026-03-22,93.62,comparison_rousers
122235,FLOWY RELAXED FIT PANTS - Black | ZARA United States,GENERAL,Black,69.9,,93,True,3950.0,42.19,,93.0,,True,27.71,"Composition: 93% viscose, 7% polyester | 7% polyester",Bangladesh,2026-03-22,93.62,comparison_rousers
4550304,STRUCTURED COTTON - LINEN PANTS - Navy blue | ZARA United States,GENERAL,Navy blue,79.9,,90,True,4350.0,46.46,,90.0,,True,33.44,"Composition: 90% cotton, 10% linen | 90% cotton | 10% linen",Morocco,2026-03-22,93.62,comparison_rousers
6987450,RELAXED FIT CHINO PANTS WITH BELT LOOPS - Khaki | ZARA United States,GENERAL,Khaki,79.9,,100,True,4350.0,46.46,,100.0,,True,33.44,Composition: 100% cotton | 100% cotton | 25% RCS-certified recycled cotton,Bangladesh,2026-03-22,93.62,comparison_rousers
3991433,RELAXED FIT PINSTRIPE PANTS - Blue | ZARA United States,GENERAL,Blue,79.9,,100,True,4350.0,46.46,,100.0,,True,33.44,Composition: 100% cotton | 100% cotton | 100% OCS certified organically grown cotton,Turkey,2026-03-22,93.62,comparison_rousers
3284409,TEXTURED KNIT PANTS - Navy blue | ZARA United States,GENERAL,Navy blue,79.9,,100,True,4350.0,46.46,,100.0,,True,33.44,Composition: 100% cotton | 100% cotton,Bangladesh,2026-03-22,93.62,comparison_rousers
4146674,WOOL PLEATED PANTS - Ecru | ZARA United States,GENERAL,Ecru,99.9,,59,True,5550.0,59.28,,59.0,,True,40.62,"Composition: 59% polyester, 41% wool | 59% polyester | 41% wool | 41% RWS certified wool | 59% RCS-certified recycled polyester",Morocco,2026-03-22,93.62,comparison_rousers
5862111,RELAXED FIT PLEATED PANTS - Oyster-white | ZARA United States,GENERAL,Oyster-white,99.9,,100,True,5550.0,59.28,,100.0,,True,40.62,Composition: 100% cotton | 100% cotton | 100% OCS certified organically grown cotton,Turkey,2026-03-22,93.62,comparison_rousers
4365456,WASHED RELAXED FIT CHINO PANTS - Gray | ZARA United States,GENERAL,Gray,79.9,,100,True,4350.0,46.46,,100.0,,True,33.44,Composition: 100% cotton,,2026-03-22,93.62,comparison_rousers
1564110,PINSTRIPE SUIT PANTS - Anthracite Gray | ZARA United States,GENERAL,Anthracite Gray,79.9,,23,True,4350.0,46.46,,23.0,,True,33.44,"Relaxed fit pants made from 23% wool fabric. Front pockets and back double-welt pockets with button. Front zip and button closure. | Composition: 60% polyester, 23% wool, 17% viscose | 60% polyester | 23% wool | 23% RWS certified wool | 60% RCS-certified recycled polyester",Turkey,2026-03-22,93.62,comparison_rousers
3918426,CONTRAST STRIPE TEXTURED JOGGER PANTS - Ecru | ZARA United States,GENERAL,Ecru,79.9,,95,True,4350.0,46.46,,95.0,,True,33.44,95% polyester | 100% polyester | 95% RCS-certified recycled polyester | 100% RCS-certified recycled polyester,Bangladesh,2026-03-22,93.62,comparison_rousers
122400,CARGO PANTS WITH POCKETS - Brown | ZARA United States,GENERAL,Brown,79.9,,100,True,,,,,,,,Composition: 100% cotton,,2026-03-22,93.62,comparison_rousers
155315,FAUX LEATHER RELAXED FIT PANTS - Black | ZARA United States,GENERAL,Black,79.9,,100,True,4350.0,46.46,,100.0,,True,33.44,100% polyester | 100% cotton | 100% RCS-certified recycled polyester | 100% OCS certified organically grown cotton,China,2026-03-22,93.62,comparison_rousers
3918305,PARACHUTE CARGO PANTS - Gray | ZARA United States,GENERAL,Gray,79.9,,100,True,4350.0,46.46,,100.0,,True,33.44,Composition: 100% cotton | 100% cotton,China,2026-03-22,93.62,comparison_rousers
4036070,RELAXED FIT PLEATED PANTS - Sand | ZARA United States,GENERAL,Sand,79.9,,67,True,4350.0,46.46,,67.0,,True,33.44,"Composition: 67% polyester, 27% viscose, 6% elastane | 67% polyester | 67% RCS-certified recycled polyester",Morocco,2026-03-22,93.62,comparison_rousers
6861735,RELAXED FIT PANTS - Light beige | ZARA United States,GENERAL,Light beige,69.9,,100,True,3950.0,42.19,,100.0,,True,27.71,Composition: 100% cotton | 100% cotton | 100% OCS certified organically grown cotton,Turkey,2026-03-22,93.62,comparison_rousers
1195466,RELAXED FIT LINEN - VISCOSE PANTS - Black | ZARA United States,GENERAL,Black,69.9,,52,True,3950.0,42.19,,52.0,,True,27.71,"Composition: 52% linen, 48% viscose | 52% linen | 52% certified European grown linen",Bangladesh,2026-03-22,93.62,comparison_rousers
1195235,FLOWY RELAXED FIT PANTS - Brown / Taupe | ZARA United States,GENERAL,Brown / Taupe,59.9,,93,True,,,,,,,,"Composition: 93% viscose, 7% polyester | 7% polyester",Bangladesh,2026-03-22,93.62,comparison_rousers
3918440,CONTRAST STRIPES TECHNICAL JOGGER PANTS - Red | ZARA United States,GENERAL,Red,59.9,,100,True,2950.0,31.51,,100.0,,True,28.39,,Bangladesh,2026-03-22,93.62,comparison_rousers
1195462,FLOWY PLEATED PANTS - Olive green | ZARA United States,GENERAL,Olive green,59.9,,89,True,2950.0,31.51,,89.0,,True,28.39,"Composition: 89% lyocell, 11% polyester | 11% polyester",Bangladesh,2026-03-22,93.62,comparison_rousers
5085100,RELAXED FIT SEQUIN PANTS - Dark navy | ZARA United States,GENERAL,Dark navy,179.0,,18,True,10950.0,116.96,,18.0,,True,62.04,"Composition: 68% polyester, 18% viscose, 14% wool | 68% polyester | 14% wool | 14% RCS-certified recycled wool | 68% RCS-certified recycled polyester",China,2026-03-22,93.62,comparison_rousers
3991466,PLEATED DENIM CHINO PANTS - Indigo | ZARA United States,GENERAL,Indigo,99.9,,100,True,5550.0,59.28,,100.0,,True,40.62,Composition: 100% cotton | 100% cotton | 20% RCS-certified recycled cotton | 80% OCS certified organically grown cotton,Turkey,2026-03-22,93.62,comparison_rousers
7563404,RELAXED FIT STUDDED PANTS - Sand / Marl | ZARA United States,GENERAL,Sand / Marl,99.9,,100,True,5550.0,59.28,,100.0,,True,40.62,Composition: 100% cotton | 100% cotton | 100% OCS certified organically grown cotton,Turkey,2026-03-22,93.62,comparison_rousers
1564115,FLOWY PLEATED BELTED PANTS - Mid-green | ZARA United States,GENERAL,Mid-green,99.9,,60,True,5550.0,59.28,,60.0,,True,40.62,"Composition: 60% lyocell, 40% cotton | 40% cotton",Turkey,2026-03-22,93.62,comparison_rousers
6096324,COLOR BLOCK TECHNICAL SOCCER PANTS - Burgundy | ZARA United States,GENERAL,Burgundy,89.9,,95,True,5550.0,59.28,,95.0,,True,30.62,,,2026-03-22,93.62,comparison_rousers
4514426,RELAXED FIT PLEATED CHINO PANTS - Beige | ZARA United States,GENERAL,Beige,79.9,,100,True,4350.0,46.46,,100.0,,True,33.44,100% cotton | 55% cotton | 45% polyester,Turkey,2026-03-22,93.62,comparison_rousers
6917416,RELAXED FIT PLEATED PANTS - Brown | ZARA United States,GENERAL,Brown,79.9,,98,True,4350.0,46.46,,98.0,,True,33.44,"Composition: 98% cotton, 2% elastane | 98% cotton",Morocco,2026-03-22,93.62,comparison_rousers
4575425,MULTI-POCKET PANTS - Dark gray | ZARA United States,GENERAL,Dark gray,79.9,,100,True,4350.0,46.46,,100.0,,True,33.44,Composition: 100% cotton | 100% cotton | 70% RCS-certified recycled cotton | 30% OCS certified organically grown cotton,Cambodia,2026-03-22,93.62,comparison_rousers
1437361,TECHNICAL WIDE FIT JOGGER PANTS - Dark gray | ZARA United States,GENERAL,Dark gray,47.94,79.9,-40,True,2050.0,21.9,4350.0,-52.0,52.87,True,26.04,"Composition: 68% polyester, 24% viscose, 8% elastane | 68% polyester | 68% RCS-certified recycled polyester",China,2026-03-22,93.62,comparison_rousers
108406,STUDDED CARPENTER PANTS - Navy blue | ZARA United States,GENERAL,Navy blue,79.9,,99,True,4350.0,46.46,,99.0,,True,33.44,"Composition: 99% cotton, 1% elastane | 99% cotton | 70% OCS certified organically grown cotton | 29% RCS-certified recycled cotton",Bangladesh,2026-03-22,93.62,comparison_rousers
3286420,WASHED RELAXED FIT PANTS - Gray / Blue | ZARA United States,GENERAL,Gray / Blue,69.9,,100,True,3950.0,42.19,,100.0,,True,27.71,100% cotton | 65% polyester | 35% cotton,Cambodia,2026-03-22,93.62,comparison_rousers
4387340,TECHNICAL RELAXED FIT PANTS - Faded blue | ZARA United States,GENERAL,Faded blue,69.9,,100,True,4350.0,46.46,,100.0,,True,23.44,,China,2026-03-22,93.62,comparison_rousers
4575430,RELAXED FIT CARGO PANTS - Black | ZARA United States,GENERAL,Black,69.9,,100,True,3950.0,42.19,,100.0,,True,27.71,Composition: 100% cotton | 100% cotton | 70% RCS-certified recycled cotton | 30% OCS certified organically grown cotton,Cambodia,2026-03-22,93.62,comparison_rousers
4277029,RELAXED FIT FLOWY PANTS - Brown | ZARA United States,GENERAL,Brown,59.9,,88,True,2950.0,31.51,,88.0,,True,28.39,"Composition: 88% modal, 12% polyester | 12% polyester",Morocco,2026-03-22,93.62,comparison_rousers
4365403,RELAXED FIT COTTON - LINEN PANTS - Black / White | ZARA United States,GENERAL,Black / White,59.9,,19,True,2950.0,31.51,,19.0,,True,28.39,"Relaxed fit pants made of a fabric blend with cotton and 19% linen. Waist with front pleat detail. Front pockets and back patch pockets. Front zip and button closure. | Composition: 81% cotton, 19% linen | 81% cotton | 19% linen",Bangladesh,2026-03-22,93.62,comparison_rousers
108310,RELAXED FIT CARGO PANTS - Light khaki | ZARA United States,GENERAL,Light khaki,41.94,69.9,-40,True,2350.0,25.1,2950.0,-20.0,20.34,True,16.84,"Composition: 98% cotton, 2% elastane | 98% cotton",Bangladesh,2026-03-22,93.62,comparison_rousers
1195460,RELAXED FIT PANTS - Pale pink | ZARA United States,GENERAL,Pale pink,79.9,,98,True,4350.0,46.46,,98.0,,True,33.44,"Composition: 98% cotton, 2% elastane | 98% cotton",Bangladesh,2026-03-22,93.62,comparison_rousers
4630774,RELAXED FIT PANTS WITH BELT LOOPS - Brown | ZARA United States,GENERAL,Brown,69.9,,100,True,3950.0,42.19,,100.0,,True,27.71,Composition: 100% cotton | 100% cotton | 100% OCS certified organically grown cotton,Morocco,2026-03-22,93.62,comparison_rousers
4340736,RELAXED FIT SUIT PANTS - Ecru / Khaki | ZARA United States,GENERAL,Ecru / Khaki,79.9,,92,True,4350.0,46.46,,92.0,,True,33.44,"Composition: 92% modal, 8% polyester | 8% polyester",Morocco,2026-03-22,93.62,comparison_rousers
4264640,PLEATED CHINO PANTS - Sand | ZARA United States,GENERAL,Sand,99.9,,100,True,5550.0,59.28,,100.0,,True,40.62,Composition: 100% cotton | 100% cotton | 100% OCS certified organically grown cotton,Morocco,2026-03-22,93.62,comparison_rousers
6917405,PLEATED CHINO PANTS - Green | ZARA United States,GENERAL,Green,79.9,,98,True,4350.0,46.46,,98.0,,True,33.44,"Composition: 98% cotton, 2% elastane | 98% cotton",Morocco,2026-03-22,93.62,comparison_rousers
8054402,RELAXED FIT INTERLOCK JOGGING PANTS - Mint | ZARA United States,GENERAL,Mint,79.9,,57,True,4350.0,46.46,,57.0,,True,33.44,"Composition: 57% cotton, 43% polyester | 57% cotton | 43% polyester | 43% RCS-certified recycled polyester | 34% RCS-certified recycled cotton | 23% OCS certified organically grown cotton",Cambodia,2026-03-22,93.62,comparison_rousers
8062451,RELAXED FIT CHINO PANTS WITH BELT LOOPS - Blue | ZARA United States,GENERAL,Blue,79.9,,100,True,4350.0,46.46,,100.0,,True,33.44,Composition: 100% cotton | 100% cotton | 100% OCS certified organically grown cotton,Bangladesh,2026-03-22,93.62,comparison_rousers
6861400,WASHED RELAXED FIT PANTS - Light green | ZARA United States,GENERAL,Light green,79.9,,100,True,4350.0,46.46,,100.0,,True,33.44,Composition: 100% cotton | 100% cotton | 100% OCS certified organically grown cotton,Turkey,2026-03-22,93.62,comparison_rousers
4044111,RELAXED FIT PLEATED PANTS AARON LEVINE X ZARA - Black | ZARA United States,GENERAL,Black,119.0,,100,True,6550.0,69.96,,100.0,,True,49.04,Composition: 100% cotton,,2026-03-22,93.62,comparison_rousers
840453,FLOCKED STRIPED RELAXED FIT PANTS - Billiard green | ZARA United States,GENERAL,Billiard green,119.0,,100,True,6550.0,69.96,,100.0,,True,49.04,Composition: 100% cotton | 100% cotton | 100% OCS certified organically grown cotton,Turkey,2026-03-22,93.62,comparison_rousers
4154228,WASHED EFFECT SUIT PANTS - Taupe gray | ZARA United States,GENERAL,Taupe gray,79.9,,98,True,4350.0,46.46,,98.0,,True,33.44,"Composition: 98% cotton, 2% elastane | 98% cotton",Morocco,2026-03-22,93.62,comparison_rousers
1437448,TIE-DYE PRINT PLEATED PANTS - Beige | ZARA United States,GENERAL,Beige,119.0,,57,True,6550.0,69.96,,57.0,,True,49.04,"Composition: 57% cotton, 27% linen, 16% lyocell | 57% cotton | 27% linen | 57% RCS-certified recycled cotton",China,2026-03-22,93.62,comparison_rousers
5862420,KEYCHAIN PRINT PANTS - Ice | ZARA United States,GENERAL,Ice,99.9,,100,True,5550.0,59.28,,100.0,,True,40.62,Composition: 100% cotton | 100% cotton | 100% OCS certified organically grown cotton,Turkey,2026-03-22,93.62,comparison_rousers
4191837,PINSTRIPE SUIT PANTS - Black | ZARA United States,GENERAL,Black,79.9,,51,True,4350.0,46.46,,51.0,,True,33.44,"Composition: 51% polyester, 33% viscose, 14% wool, 2% elastane | 51% polyester | 14% wool | 14% RWS certified wool | 51% RCS-certified recycled polyester",Morocco,2026-03-22,93.62,comparison_rousers
5862308,TEXTURED JACQUARD PANTS - Black | ZARA United States,GENERAL,Black,79.9,,100,True,4350.0,46.46,,100.0,,True,33.44,Composition: 100% cotton | 100% cotton | 100% OCS certified organically grown cotton,Turkey,2026-03-22,93.62,comparison_rousers
6981336,PLAID RELAXED FIT PANTS - Beige | ZARA United States,GENERAL,Beige,79.9,,24,True,4350.0,46.46,,24.0,,True,33.44,"Relaxed fit pants made from 24% wool fabric. Waist with front pleat detail. Front pockets and back welt pockets. Front zip and hidden metal hook closure. | Composition: 33% polyester, 31% acrylic, 24% wool, 7% cotton, 5% other fibres | 33% polyester | 24% wool | 7% cotton | 24% RCS-certified recycled wool | 7% RCS-certified recycled cotton | 33% RCS-certified recycled polyester",Morocco,2026-03-22,93.62,comparison_rousers
1195400,RELAXED BALLOON FIT PLEATED PANTS - Black | ZARA United States,GENERAL,Black,79.9,,100,True,4350.0,46.46,,100.0,,True,33.44,Composition: 100% cotton,,2026-03-22,93.62,comparison_rousers
9494026,FLOWY RELAXED FIT PANTS - White | ZARA United States,GENERAL,White,69.9,,55,True,3950.0,42.19,,55.0,,True,27.71,"Composition: 55% cotton, 42% lyocell, 3% elastane | 55% cotton | 55% OCS certified organically grown cotton",Morocco,2026-03-22,93.62,comparison_rousers
3715201,RELAXED FIT FLOCKED PANTS - Gray | ZARA United States,GENERAL,Gray,79.9,,100,True,4350.0,46.46,,100.0,,True,33.44,100% cotton | 100% RCS-certified recycled cotton,Cambodia,2026-03-22,93.62,comparison_rousers
5320204,RELAXED FIT PINSTRIPE PANTS - Navy blue | ZARA United States,GENERAL,Navy blue,69.9,,66,True,3950.0,42.19,,66.0,,True,27.71,"Composition: 66% polyester, 31% viscose, 3% elastane | 66% polyester",China,2026-03-22,93.62,comparison_rousers
3046409,RELAXED FIT PANTS WITH TWISTED SEAM - Anthracite grey | ZARA United States,GENERAL,Anthracite grey,59.9,,100,True,2950.0,31.51,,100.0,,True,28.39,Composition: 100% cotton | 100% cotton | 100% RCS-certified recycled cotton,China,2026-03-22,93.62,comparison_rousers
12724720,STRAPPY SANDALS - Sea green | ZARA United States,GENERAL,Sea green,55.9,,100,True,,,,,,,,,China,2026-03-22,93.62,comparison_shoes
12635720,LEATHER LOAFERS - Black | ZARA United States,GENERAL,Black,79.9,,100,True,,,,,,,,100% polyester,China,2026-03-22,93.62,comparison_shoes
12445720,LEATHER BOAT SHOES - Beige | ZARA United States,GENERAL,Beige,99.9,,100,True,,,,,,,,100% polyester | 100% RCS-certified recycled polyester,China,2026-03-22,93.62,comparison_shoes
12457620,LEATHER RAISED SEAM SHOES - Beige | ZARA United States,GENERAL,Beige,79.9,,100,True,,,,,,,,100% polyester | 100% RCS-certified recycled polyester,China,2026-03-22,93.62,comparison_shoes
12473720,LEATHER SHOES - Blue | ZARA United States,GENERAL,Blue,109.0,,100,True,7550.0,80.65,,100.0,,True,28.35,100% polyester,,2026-03-22,93.62,comparison_shoes
12693720,LEATHER TRACK PENNY LOAFERS - Taupe Gray | ZARA United States,GENERAL,Taupe Gray,99.9,,100,True,,,,,,,,100% polyester,,2026-03-22,93.62,comparison_shoes
12727720,LEATHER CLOGS - Brown | ZARA United States,GENERAL,Brown,89.9,,100,True,,,,,,,,100% polyester | 100% RCS-certified recycled polyester,China,2026-03-22,93.62,comparison_shoes
12772720,CONTRAST STRAP SANDALS - Green | ZARA United States,GENERAL,Green,69.9,,98,True,,,,,,,,98% polyester | 98% RCS-certified recycled polyester,China,2026-03-22,93.62,comparison_shoes
12732720,BUCKLED SANDALS - Black | ZARA United States,GENERAL,Black,59.9,,100,True,,,,,,,,,China,2026-03-22,93.62,comparison_shoes
12711720,FABRIC ESPADRILLES - Ecru | ZARA United States,GENERAL,Ecru,55.9,,90,True,,,,,,,,90% cotton | 65% cotton | 35% polyester | 90% OCS certified organically grown cotton | 65% RCS-certified recycled cotton | 35% RCS-certified recycled polyester,Bangladesh,2026-03-22,93.62,comparison_shoes
12740720,KNIT FABRIC ESPADRILLES - Ecru | ZARA United States,GENERAL,Ecru,59.9,,95,True,,,,,,,,95% polyester | 5% cotton | 70% polyester | 30% cotton | 5% RCS-certified recycled cotton | 95% RCS-certified recycled polyester | 30% RCS-certified recycled cotton | 70% RCS-certified recycled polyester,Bangladesh,2026-03-22,93.62,comparison_shoes
12377720,LEATHER SNEAKERS - Taupe Gray | ZARA United States,GENERAL,Taupe Gray,109.0,,100,True,,,,,,,,65% polyester | 65% cotton | 35% polyester,China,2026-03-22,93.62,comparison_shoes
12481720,LEATHER CLOGS - Gray | ZARA United States,GENERAL,Gray,109.0,,100,True,,,,,,,,100% polyester,China,2026-03-22,93.62,comparison_shoes
12069720,DENIM COWBOY BOOTS - Black | ZARA United States,GENERAL,Black,99.9,,90,True,,,,,,,,90% cotton | 10% polyester | 77% polyester | 23% cotton | 65% cotton | 35% polyester,,2026-03-22,93.62,comparison_shoes
12715720,BUCKLED STRAP SANDALS - Black | ZARA United States,GENERAL,Black,59.9,,100,True,,,,,,,,,China,2026-03-22,93.62,comparison_shoes
12703720,DOUBLE STRAP SANDALS - Black | ZARA United States,GENERAL,Black,55.9,,100,True,,,,,,,,,Laos,2026-03-22,93.62,comparison_shoes
12613720,CASUAL LEATHER LOAFERS - Off White | ZARA United States,GENERAL,Off White,99.9,,100,True,,,,,,,,100% polyester,Laos,2026-03-22,93.62,comparison_shoes
12629720,DRESS PENNY LOAFERS - Black | ZARA United States,GENERAL,Black,69.9,,100,True,3950.0,42.19,,100.0,,True,27.71,100% polyester,China,2026-03-22,93.62,comparison_shoes
12624620,CASUAL LEATHER LOAFERS - Off White | ZARA United States,GENERAL,Off White,99.9,,100,True,,,,,,,,100% polyester | 100% RCS-certified recycled polyester,China,2026-03-22,93.62,comparison_shoes
12614720,CASUAL LEATHER LOAFERS - Beige | ZARA United States,GENERAL,Beige,99.9,,100,True,5950.0,63.55,,100.0,,True,36.35,100% polyester,Bangladesh,2026-03-22,93.62,comparison_shoes
12008620,CHUNKY CHELSEA BOOTS - Black | ZARA United States,GENERAL,Black,99.9,,75,True,,,,,,,,17% polyester | 85% polyester,China,2026-03-22,93.62,comparison_shoes
12682620,LEATHER PENNY LOAFERS - Burgundy Red | ZARA United States,GENERAL,Burgundy Red,169.0,,100,True,10950.0,116.96,,100.0,,True,52.04,,Portugal,2026-03-22,93.62,comparison_shoes
12705720,CRISSCROSS SANDALS - Black | ZARA United States,GENERAL,Black,55.9,,100,True,2850.0,30.44,,100.0,,True,25.46,100% polyester,Vietnam,2026-03-22,93.62,comparison_shoes
12726720,EMBOSSED STRAP SANDALS - Black | ZARA United States,GENERAL,Black,55.9,,100,True,,,,,,,,,China,2026-03-22,93.62,comparison_shoes
12725720,STRAPPY SANDALS - Burgundy Red | ZARA United States,GENERAL,Burgundy Red,55.9,,100,True,,,,,,,,,China,2026-03-22,93.62,comparison_shoes
12754720,LEATHER STRAP SANDALS - Beige | ZARA United States,GENERAL,Beige,59.9,,100,True,,,,,,,,100% polyester | 100% RCS-certified recycled polyester,China,2026-03-22,93.62,comparison_shoes
12737720,STRAPPY SANDALS - Black | ZARA United States,GENERAL,Black,49.9,,100,True,,,,,,,,,China,2026-03-22,93.62,comparison_shoes
12748720,LEATHER STRAP SANDALS - Brown | ZARA United States,GENERAL,Brown,59.9,,90,True,,,,,,,,100% polyester,,2026-03-22,93.62,comparison_shoes
12664620,LEATHER PENNY LOAFERS - Brown | ZARA United States,GENERAL,Brown,129.0,,100,True,8550.0,91.33,,100.0,,True,37.67,66% polyester,India,2026-03-22,93.62,comparison_shoes
12628720,DRESS PENNY LOAFERS - Brown | ZARA United States,GENERAL,Brown,89.9,,100,True,,,,,,,,48% polyester | 48% RCS-certified recycled polyester,China,2026-03-22,93.62,comparison_shoes
12639620,LEATHER PENNY LOAFERS - Black | ZARA United States,GENERAL,Black,99.9,,100,True,,,,,,,,65% polyester | 65% RCS-certified recycled polyester,Bangladesh,2026-03-22,93.62,comparison_shoes
12608620,LEATHER PENNY LOAFERS - Burgundy Red | ZARA United States,GENERAL,Burgundy Red,109.0,,100,True,7550.0,80.65,,100.0,,True,28.35,30% polyester | 30% RCS-certified recycled polyester,India,2026-03-22,93.62,comparison_shoes
12673620,LEATHER LOAFERS - Black | ZARA United States,GENERAL,Black,109.0,,100,True,,,,,,,,100% polyester | 100% RCS-certified recycled polyester,Portugal,2026-03-22,93.62,comparison_shoes
12685720,DRESS PENNY LOAFERS - Black | ZARA United States,GENERAL,Black,69.9,,100,True,2150.0,22.97,6550.0,-39.0,67.18,True,46.93,100% polyester,China,2026-03-22,93.62,comparison_shoes
12455720,LEATHER SHOES - Off White | ZARA United States,GENERAL,Off White,99.9,,100,True,,,,,,,,100% polyester | 65% cotton | 35% polyester | 100% RCS-certified recycled polyester | 65% RCS-certified recycled cotton | 35% RCS-certified recycled polyester,China,2026-03-22,93.62,comparison_shoes
12751720,FABRIC ESPADRILLES - Blue | ZARA United States,GENERAL,Blue,55.9,,100,True,,,,,,,,100% cotton | 65% cotton | 35% polyester,,2026-03-22,93.62,comparison_shoes
12651720,CASUAL TASSELED LEATHER LOAFERS - Beige | ZARA United States,GENERAL,Beige,99.9,,100,True,,,,,,,,100% polyester,Laos,2026-03-22,93.62,comparison_shoes
12743720,FABRIC ESPADRILLES - Off White | ZARA United States,GENERAL,Off White,55.9,,100,True,2950.0,31.51,5950.0,-40.0,50.42,True,24.39,100% cotton | 65% cotton | 35% polyester,Bangladesh,2026-03-22,93.62,comparison_shoes
12704720,DOUBLE STRAP LEATHER SANDALS - Taupe Gray | ZARA United States,GENERAL,Taupe Gray,69.9,,100,True,,,,,,,,100% polyester,Vietnam,2026-03-22,93.62,comparison_shoes
4174374,100% LINEN SUIT PANTS - Brown | ZARA United States,GENERAL,Brown,119.0,,100,True,6550.0,69.96,,100.0,,True,49.04,100% LINEN SUIT PANTS | Composition: 100% linen | / 100% LINEN SUIT PANTS | 100% linen | 100% certified European grown linen,Morocco,2026-03-22,93.62,comparison_suitsl808.html
4173374,100% LINEN DOUBLE BREASTED SUIT JACKET - Brown | ZARA United States,GENERAL,Brown,229.0,,100,True,13950.0,149.01,,100.0,,True,79.99,100% LINEN DOUBLE BREASTED SUIT JACKET | 100% linen | 62% cotton | 38% polyester | 95% polyester | / 100% LINEN DOUBLE BREASTED SUIT JACKET | 100% certified European grown linen | 62% OCS certified organically grown cotton | 38% RCS-certified recycled polyester | 95% RCS-certified recycled polyester,Morocco,2026-03-22,93.62,comparison_suitsl808.html
4283333,100% LINEN SUIT BLAZER - Light beige | ZARA United States,GENERAL,Light beige,169.0,,100,True,9550.0,102.01,,100.0,,True,66.99,100% LINEN SUIT BLAZER | 100% linen | 100% polyester | / 100% LINEN SUIT BLAZER | 100% certified European grown linen | 100% RCS-certified recycled polyester,Morocco,2026-03-22,93.62,comparison_suitsl808.html
4285333,100% LINEN SUIT PANTS - Light beige | ZARA United States,GENERAL,Light beige,79.9,,100,True,4350.0,46.46,,100.0,,True,33.44,100% LINEN SUIT PANTS | Composition: 100% linen | / 100% LINEN SUIT PANTS | 100% linen | 100% certified European grown linen,Morocco,2026-03-22,93.62,comparison_suitsl808.html
4375333,100% LINEN SUIT JACKET - Blue / Gray | ZARA United States,GENERAL,Blue / Gray,169.0,,100,True,9550.0,102.01,,100.0,,True,66.99,100% LINEN SUIT JACKET | 100% linen | 100% polyester | / 100% LINEN SUIT JACKET | 100% certified European grown linen,Morocco,2026-03-22,93.62,comparison_suitsl808.html
4380333,100% LINEN SUIT PANTS - Blue / Gray | ZARA United States,GENERAL,Blue / Gray,79.9,,100,True,4350.0,46.46,,100.0,,True,33.44,100% LINEN SUIT PANTS | Composition: 100% linen | / 100% LINEN SUIT PANTS | 100% linen | 100% certified European grown linen,Morocco,2026-03-22,93.62,comparison_suitsl808.html
4286333,100% LINEN DOUBLE-BREASTED SUIT BLAZER - Khaki | ZARA United States,GENERAL,Khaki,169.0,,100,True,9550.0,102.01,,100.0,,True,66.99,100% LINEN DOUBLE-BREASTED SUIT BLAZER | 100% linen | 100% polyester | / 100% LINEN DOUBLE-BREASTED SUIT BLAZER,,2026-03-22,93.62,comparison_suitsl808.html
4381333,100% LINEN SUIT PANTS - Khaki | ZARA United States,GENERAL,Khaki,79.9,,100,True,4350.0,46.46,,100.0,,True,33.44,100% LINEN SUIT PANTS | Composition: 100% linen | / 100% LINEN SUIT PANTS | 100% linen | 100% certified European grown linen,Morocco,2026-03-22,93.62,comparison_suitsl808.html
4620040,REGULAR FIT DOUBLE BREASTED TRENCH COAT - Beige | ZARA United States,GENERAL,Beige,179.0,,100,True,10950.0,116.96,,100.0,,True,62.04,100% cotton | 64% cotton | 36% polyester | 42% polyester | 100% OCS certified organically grown cotton | 42% RCS-certified recycled polyester | 36% RCS-certified recycled polyester | 64% OCS certified organically grown cotton,Morocco,2026-03-22,93.62,comparison_outerwear.html
3918160,QUILTED TECHNICAL TRENCH COAT WITH FIREMAN CLASP - Navy blue | ZARA United States,MAN,Navy blue,169.0,,70,True,9550.0,102.01,,70.0,,True,66.99,30% cotton | 65% polyester | 35% cotton | 100% polyester | 30% OCS certified organically grown cotton | 100% RCS-certified recycled polyester,China,2026-03-22,93.62,comparison_outerwear.html
6096350,DOUBLE BREASTED POCKET OVERCOAT - Black | ZARA United States,GENERAL,Black,169.0,,52,True,9550.0,102.01,,52.0,,True,66.99,52% wool | 43% polyester | 68% polyester | 32% cotton | 43% RCS-certified recycled polyester | 52% RCS-certified recycled wool,China,2026-03-22,93.62,comparison_outerwear.html
2949310,REGULAR FIT WOOL COAT - Black | ZARA United States,GENERAL,Black,179.0,,54,True,10950.0,116.96,,54.0,,True,62.04,54% wool | 33% polyester | 100% polyester | 33% RCS-certified recycled polyester | 54% RCS-certified recycled wool | 100% RCS-certified recycled polyester,Cambodia,2026-03-22,93.62,comparison_outerwear.html
4058500,MANTECO® ORIGINS WATER REPELLENT TRENCH COAT - Brown / Taupe | ZARA United States,MAN,Brown / Taupe,229.0,,100,True,13950.0,149.01,,100.0,,True,79.99,100% cotton | 48% polyester | 100% OCS certified organically grown cotton | 48% RCS-certified recycled polyester,Morocco,2026-03-22,93.62,comparison_outerwear.html
4311011,RELAXED FIT TECHNICAL TRENCH - Light gray | ZARA United States,GENERAL,Light gray,229.0,,63,True,13950.0,149.01,,63.0,,True,79.99,63% cotton | 37% polyester | 100% polyester | 35% polyester | 63% OCS certified organically grown cotton | 37% RCS-certified recycled polyester | 100% RCS-certified recycled polyester | 35% RCS-certified recycled polyester,Morocco,2026-03-22,93.62,comparison_outerwear.html
4263617,CONTRAST COLLAR TRENCH COAT - Dark green | ZARA United States,GENERAL,Dark green,229.0,,100,True,13950.0,149.01,,100.0,,True,79.99,100% cotton | 100% polyester | 35% polyester | 100% OCS certified organically grown cotton | 100% RCS-certified recycled polyester | 35% RCS-certified recycled polyester,Morocco,2026-03-22,93.62,comparison_outerwear.html
9330896,DOUBLE BREASTED MANTECO® WOOL BLEND COAT AARON LEVINE X ZARA - Light brown | ZARA United States,MAN,Light brown,299.0,,90,True,17950.0,191.73,,90.0,,True,107.27,90% wool | 48% polyester | 90% RCS-certified recycled wool | 48% RCS-certified recycled polyester,Morocco,2026-03-22,93.62,comparison_outerwear.html
5854310,COMBINATION COLLAR TECHNICAL PARKA AARON LEVINE X ZARA - Gray / Blue | ZARA United States,GENERAL,Gray / Blue,249.0,,69,True,14950.0,159.69,,69.0,,True,89.31,69% cotton | 71% polyester | 24% wool | 66% polyester | 55% cotton | 45% polyester | 69% OCS certified organically grown cotton | 24% RCS-certified recycled wool | 71% RCS-certified recycled polyester | 66% RCS-certified recycled polyester | 55% RCS-certified recycled cotton | 45% RCS-certified recycled polyester,China,2026-03-22,93.62,comparison_outerwear.html
4116890,DOUBLE-BREASTED WOOL BLEND COAT AARON LEVINE X ZARA - Blue | ZARA United States,GENERAL,Blue,299.0,,10,True,17950.0,191.73,,10.0,,True,107.27,Relaxed fit coat made of wool blend fabric with 10% cashmere. Peak lapel collar and long sleeves with buttoned cuffs. Flap pockets at hips and interior pocket detail. Hem with back vent. Front double-breasted button closure. Aaron Levine x ZARA special collection. | 90% wool | 35% polyester | 50% RWS certified wool | 40% RCS-certified recycled wool,Morocco,2026-03-22,93.62,comparison_outerwear.html
2949150,DOUBLE-BREASTED WOOL BLEND COAT WITH BELT - Black | ZARA United States,GENERAL,Black,169.0,,50,True,9550.0,102.01,,52.0,,True,66.99,50% wool | 45% polyester | 100% polyester | 36% RCS-certified recycled polyester | 50% RCS-certified recycled wool,China,2026-03-22,93.62,comparison_outerwear.html
4079495,FLOWY DOUBLE BREASTED TRENCH COAT - navy | ZARA United States,GENERAL,navy,179.0,,50,True,10950.0,116.96,,50.0,,True,62.04,50% polyester | 90% polyester | 10% cotton | 100% polyester | 50% RCS-certified recycled polyester | 100% RCS-certified recycled polyester,Morocco,2026-03-22,93.62,comparison_outerwear.html
4080125,DOUBLE-BREASTED WOOL BLEND COAT - taupe brown | ZARA United States,GENERAL,taupe brown,269.0,,75,True,15950.0,170.37,,75.0,,True,98.63,75% wool | 100% polyester | 75% RWS certified wool | 100% RCS-certified recycled polyester,Morocco,2026-03-22,93.62,comparison_outerwear.html
5320320,WATER REPELLENT TECHNICAL COAT - Dark khaki | ZARA United States,GENERAL,Dark khaki,129.0,,100,True,7550.0,80.65,,100.0,,True,48.35,Composition: 100% polyester | 100% polyester | 100% RCS-certified recycled polyester,China,2026-03-22,93.62,comparison_outerwear.html
3286306,WAXED FINISH TRENCH COAT - Dark gray | ZARA United States,GENERAL,Dark gray,169.0,,100,True,9550.0,102.01,,100.0,,True,66.99,100% cotton | 65% cotton | 35% polyester | 100% polyester | 100% RCS-certified recycled cotton | 65% OCS certified organically grown cotton | 35% RCS-certified recycled polyester | 100% RCS-certified recycled polyester,China,2026-03-22,93.62,comparison_outerwear.html
5827373,REMOVABLE COLLAR COAT - Gray | ZARA United States,GENERAL,Gray,179.0,,52,True,10950.0,116.96,,52.0,,True,62.04,52% polyester | 32% cotton | 5% wool | 100% polyester | 5% RCS-certified recycled wool | 32% RCS-certified recycled cotton | 52% RCS-certified recycled polyester | 100% RCS-certified recycled polyester,Morocco,2026-03-22,93.62,comparison_outerwear.html
5070110,RELAXED FIT PARKA - Black | ZARA United States,GENERAL,Black,149.0,,52,True,8550.0,91.33,,52.0,,True,57.67,52% cotton | 38% polyester | 80% polyester | 20% cotton | 52% RCS-certified recycled cotton | 38% RCS-certified recycled polyester | 20% RCS-certified recycled cotton | 80% RCS-certified recycled polyester,China,2026-03-22,93.62,comparison_outerwear.html
4027084,STRIPED JACQUARD FROCK COAT - Black | ZARA United States,GENERAL,Black,319.0,,50,True,17950.0,191.73,,50.0,,True,127.27,50% wool | 50% polyester | 45% polyester | 35% polyester | 50% RWS certified wool | 50% RCS-certified recycled polyester,Morocco,2026-03-22,93.62,comparison_outerwear.html
3046380,REGULAR FIT TRENCH COAT - Beige | ZARA United States,GENERAL,Beige,169.0,,72,True,9550.0,102.01,,72.0,,True,66.99,72% cotton | 80% polyester | 20% cotton | 72% OCS certified organically grown cotton | 20% RCS-certified recycled cotton | 80% RCS-certified recycled polyester,China,2026-03-22,93.62,comparison_outerwear.html
6318417,WAXED FINISH TRENCH COAT - Blue | ZARA United States,GENERAL,Blue,149.0,,70,True,8550.0,91.33,,70.0,,True,57.67,70% cotton | 30% polyester | 65% polyester | 35% cotton | 100% polyester | 30% RCS-certified recycled polyester | 70% RCS-certified recycled cotton,China,2026-03-22,93.62,comparison_outerwear.html
3046447,RELAXED FIT TRENCH COAT - Sand | ZARA United States,GENERAL,Sand,149.0,,100,True,8550.0,91.33,,100.0,,True,57.67,100% cotton | 66% polyester | 34% cotton | 100% polyester | 100% RCS-certified recycled cotton | 34% OCS certified organically grown cotton | 66% RCS-certified recycled polyester | 100% RCS-certified recycled polyester,China,2026-03-22,93.62,comparison_outerwear.html
4214415,RELAXED FIT TRENCH COAT - Sand | ZARA United States,GENERAL,Sand,269.0,,68,True,15950.0,170.37,,68.0,,True,98.63,"Composition: 68% cotton, 32% polyamide | 68% cotton | 68% OCS certified organically grown cotton",Morocco,2026-03-22,93.62,comparison_outerwear.html
4167372,100% LINEN FROCK COAT - Gray green | ZARA United States,GENERAL,Gray green,269.0,,100,True,15950.0,170.37,,100.0,,True,98.63,100% LINEN FROCK COAT | Composition: 100% linen | / 100% LINEN FROCK COAT | 100% linen,Morocco,2026-03-22,93.62,comparison_outerwear.html
